日期,星期,沪指收盘价,沪指涨跌幅,创业板指收盘价,创业板指涨跌幅,D原始分,D调节后分,档位,硬触发,信号①指数背离,信号②天量主力流出,信号③高低切换,信号④外部利空,信号⑤量价背离,O_score,A1放量突破,A2趋势确认,A3情绪周期,A4赚钱效应,A5板块轮动,A6龙头辨识,O×D象限,趋势三态,趋势10分制,周期阶段,趋势调节系数,涨跌家数比,两市成交额(亿),涨停家数,跌停家数,连板高度,炸板率,新高新低比,250日线上方占比,后1日涨跌幅,后5日涨跌幅,后10日涨跌幅,后续最大跌幅,是否显著下跌,方向预测,预测是否正确,进攻信号命中率核对,O×D象限后续走势核对,趋势状态判断准确性核对,偏差类型,偏差原因分析
2026-09-07,周一,3932.7,0.07,3398.68,3.41,49,49,🟡26-50黄色,无,待补充,待补充,待补充,待补充,待补充,待补充,待补充,待补充,待补充,待补充,待补充,待补充,待补充,待补充,待补充,待补充,待补充,1.53,19460,94,2,待补充,待补充,待补充,待补充,0.20,-1.20,0.44,-1.74,否,中性,正确,待补充（无O_score历史）,待补充（无象限历史）,待补充（无趋势三态历史）,正确,9/7预测中性，9/8上证+0.20%窄幅波动，中性判断正确
2026-09-08,周二,3940.55,0.2,3359.72,-1.15,46,46,🟡26-50黄色,无,待补充,待补充,待补充,待补充,待补充,待补充,待补充,待补充,待补充,待补充,待补充,待补充,待补充,待补充,待补充,待补充,待补充,1.59,17549（14:30盘中）,待补充,待补充,待补充,待补充,待补充,待补充,0.28,-1.94,0.29,-1.94,否,中性,正确,待补充（无O_score历史）,待补充（无象限历史）,待补充（无趋势三态历史）,正确,9/8预测中性，9/9上证+0.28%微涨，中性判断正确；宽度/涨停数据为14:30盘中值
2026-09-09,周三,3951.51,0.28,3354.97,-0.14,待补充,待补充,待补充,待补充,待补充,待补充,待补充,待补充,待补充,待补充,待补充,待补充,待补充,待补充,待补充,待补充,待补充,待补充,待补充,待补充,待补充,待补充,待补充,待补充,待补充,待补充,待补充,待补充,待补充,-0.43,-1.52,-0.38,-2.21,否,待补充,待核对,待补充（无O_score历史）,待补充（无象限历史）,待补充（无趋势三态历史）,待核对,9/9无14:30评分记录（当日自检任务未执行/未落盘），D分、宽度、方向预测均待补充
2026-09-10,周四,3934.4,-0.43,3338.42,-0.49,64,64,🟠51-70橙色,无,待补充,待补充,待补充,待补充,待补充,待补充,待补充,待补充,待补充,待补充,待补充,待补充,待补充,待补充,待补充,待补充,待补充,0.22,16471,39,14,待补充,待补充,待补充,待补充,-1.18,-1.49,-1.17,-1.78,否,中性,错误,待补充（无O_score历史）,待补充（无象限历史）,待补充（无趋势三态历史）,漏报（方向表述保守）,9/10 D分64橙色档预警方向正确，9/11上证-1.18%大跌验证防守信号有效；但方向预测字段依市场判断文案记为'中性'，未反映橙色档隐含的偏空倾向，导致方向记录错误。教训：方向预测应优先参考模型档位而非行情描述文案。
2026-09-11,周五,3888.11,-1.18,3322.04,-0.49,待补充,待补充,待补充,待补充,待补充,待补充,待补充,待补充,待补充,待补充,待补充,待补充,待补充,待补充,待补充,待补充,待补充,待补充,待补充,待补充,待补充,0.13,19719,40,21,待补充,待补充,待补充,待补充,-0.07,0.61,-1.66,-1.66,否,待补充,待核对,待补充（无O_score历史）,待补充（无象限历史）,待补充（无趋势三态历史）,待核对,9/11上证-1.18%大跌，全市场上涨仅604家/下跌4567家（上涨占比11.6%），活跃度11.57%，为9/7以来最弱盘面；9/10橙色档预警次日验证有效。9/11当日14:30评分未落盘（本次会话仅触发16:00自检），D分/方向预测待补充。
2026-09-14,周一,3885.33,-0.07,3285.58,-1.1,待补充,待补充,待补充,待补充,待补充,待补充,待补充,待补充,待补充,待补充,待补充,待补充,待补充,待补充,待补充,待补充,待补充,待补充,待补充,待补充,待补充,待补充,待补充,待补充,待补充,待补充,待补充,待补充,待补充,-0.54,1.66,-1.41,-1.59,否,待补充,待核对,待补充（无O_score历史）,待补充（无象限历史）,待补充（无趋势三态历史）,待核对,9/14为补录样本：当日14:30战报/16:00自检均未在本会话落盘，收盘数据经日线接口验证；上证-0.07%窄幅波动，创业板-1.10%继续调整；评分与方向预测待补充
2026-09-15,周二,3864.28,-0.54,3247.92,-1.15,31,31,🟡26-50黄色,无,待补充,待补充,待补充,待补充,待补充,待补充,待补充,待补充,待补充,待补充,待补充,待补充,待补充,待补充,待补充,待补充,待补充,0.26,19996,32,34,待补充,待补充,待补充,待补充,0.71,2.27,-1.05（不足10日，跨假期仅8个交易日）,0.29（区间最低收盘3875.60，未破基准）,否,中性,错误,待补充（无O_score历史）,待补充（无象限历史）,待补充（无趋势三态历史）,漏报（反弹未识别）,9/15按档位联动记为中性（黄色档），9/16上证+0.71%、科创50+4.16%、涨停91家、活跃度74.46%强势反弹——黄色档未能预示反弹启动。与9/16 14:30战报暴露的模型滞后性一致：简化三因子中趋势因子（价格未站上MA20）占40分权重，反弹首日无法得分，档位系统性滞后于盘面强度。连续错误2次（9/10、9/15），接近3次预警阈值。
2026-09-16,周三,3891.6,0.71,3311.47,1.96,33,33,🟡26-50黄色,无,待补充,待补充,待补充,待补充,待补充,待补充,待补充,待补充,待补充,待补充,待补充,待补充,待补充,待补充,待补充,待补充,待补充,3.43,23008,91,4,待补充,待补充,待补充,待补充,-0.41,1.15,-1.75（不足10日，跨假期仅7个交易日）,-0.41,否,偏多,错误,待补充（无O_score历史）,待补充（无象限历史）,待补充（无趋势三态历史）,误报（偏多未兑现）,9/16预测偏多（v4.0旧模型33分黄色+市场判断'放量上涨·偏积极'），9/17实际-0.41%（收3875.60）微跌，偏多未兑现。连续3次方向预测错误（9/10、9/15、9/16）→触发偏差预警。9/16为节前最后强势日（涨停91家、活跃度74.46%），趋势/动量因子在次日转弱前已滞后，v4.1已于9/16晚间部署，9/17起战报缺失未能验证v4.1实盘效果。
2026-09-17,周四,3875.6,-0.41,3298.31,-0.4,待补充,待补充,待补充,待补充,待补充,待补充,待补充,待补充,待补充,待补充,待补充,待补充,待补充,待补充,待补充,待补充,待补充,待补充,待补充,待补充,待补充,待补充,待补充,待补充,待补充,待补充,待补充,待补充,待补充,0.94,0.33,-1.34（不足10日，跨假期仅6个交易日）,0.33,否,待补充,待补充,待补充,待补充,待补充,待补充,战报缺失期补录：9/17-9/24六个交易日14:30战报与16:00自检均未执行（本地cron未触发，电脑关机/豆包离线），评分与宽度情绪除9/24外无法重建，仅回填真实行情。
2026-09-18,周五,3911.87,0.94,3372.68,2.25,待补充,待补充,待补充,待补充,待补充,待补充,待补充,待补充,待补充,待补充,待补充,待补充,待补充,待补充,待补充,待补充,待补充,待补充,待补充,待补充,待补充,待补充,待补充,待补充,待补充,待补充,待补充,待补充,待补充,0.97,-2.26,待回填（假期后）,-2.26,否（后5日-2.25%<3%）,待补充,待补充,待补充,待补充,待补充,待补充,战报缺失期补录：9/17-9/24六个交易日14:30战报与16:00自检均未执行（本地cron未触发，电脑关机/豆包离线），评分与宽度情绪除9/24外无法重建，仅回填真实行情。
2026-09-21,周一,3949.91,0.97,3399.59,0.8,待补充,待补充,待补充,待补充,待补充,待补充,待补充,待补充,待补充,待补充,待补充,待补充,待补充,待补充,待补充,待补充,待补充,待补充,待补充,待补充,待补充,待补充,待补充,待补充,待补充,待补充,待补充,待补充,待补充,0.06,-3.2（不足5日，跨假期仅4个交易日）,待回填（假期后）,-3.2,否,待补充,待补充,待补充,待补充,待补充,待补充,战报缺失期补录：9/17-9/24六个交易日14:30战报与16:00自检均未执行（本地cron未触发，电脑关机/豆包离线），评分与宽度情绪除9/24外无法重建，仅回填真实行情。
2026-09-22,周二,3952.13,0.06,3399.93,0.01,待补充,待补充,待补充,待补充,待补充,待补充,待补充,待补充,待补充,待补充,待补充,待补充,待补充,待补充,待补充,待补充,待补充,待补充,待补充,待补充,待补充,待补充,待补充,待补充,待补充,待补充,待补充,待补充,待补充,-0.39,-3.25（不足5日，跨假期仅3个交易日）,待回填（假期后）,-3.25,否,待补充,待补充,待补充,待补充,待补充,待补充,战报缺失期补录：9/17-9/24六个交易日14:30战报与16:00自检均未执行（本地cron未触发，电脑关机/豆包离线），评分与宽度情绪除9/24外无法重建，仅回填真实行情。
2026-09-23,周三,3936.52,-0.4,3379.61,-0.6,待补充,待补充,待补充,待补充,待补充,待补充,待补充,待补充,待补充,待补充,待补充,待补充,待补充,待补充,待补充,待补充,待补充,待补充,待补充,待补充,待补充,待补充,待补充,待补充,待补充,待补充,待补充,待补充,待补充,-1.22,-2.87（不足5日，跨中秋假期仅2个交易日）,待回填（假期后）,-2.87,否,待补充,待补充,待补充,待补充,待补充,待补充,战报缺失期补录：9/17-9/24六个交易日14:30战报与16:00自检均未执行（本地cron未触发，电脑关机/豆包离线），评分与宽度情绪除9/24外无法重建，仅回填真实行情。
2026-09-24,周四,3888.37,-1.22,3288.95,-2.68,63,63,🟠51-70橙色,无,待补充,待补充,待补充,待补充,待补充,待补充,待补充,待补充,待补充,待补充,待补充,待补充,待补充,待补充,待补充,待补充,待补充,0.271,16534,52,14,待补充,待补充,待补充,待补充,-1.67,待回填（假期后）,待回填（假期后）,-1.67（截至9/28仅1个交易日）,否（后1日-1.67%<3%，待后续观察）,偏空,正确,待补充,待补充,待补充,正确（偏空兑现）,9/24预测偏空（D=63🟠橙色，目标仓位40%），9/28中秋后首个交易日上证-1.67%、创业板-4.53%、跌停60家，偏空兑现。连续3次错误（9/10、9/15、9/16）后首次正确，偏差预警连续错误链中断。
2026-09-28,周一,3823.62,-1.67,3139.82,-4.53,待补充,待补充,待补充,待补充,待补充,待补充,待补充,待补充,待补充,待补充,待补充,待补充,待补充,待补充,待补充,待补充,待补充,待补充,待补充,待补充,待补充,0.203,17028,35,60,待补充,待补充,待补充,待补充,待回填（9/29）,待回填,待回填,-0.31,待回填,待补充（14:30战报缺失）,待补充,待补充,待补充,待补充,待补充,9/28中秋后首个交易日，上证-1.67%、创业板-4.53%、跌停60家、上涨仅862家/下跌4245家、活跃度16.51%。11:10午盘快报与14:30战报均未推送（电脑开机较晚/任务未触发），评分与方向预测待补充。宽度数据来自乐咕（统计日期2026-09-28 15:00），行情来自新浪实时收盘。
